ZIPƒtƒ@ƒCƒ‹–¼,o—Í”NŒ“úE,’n”Ô‹æˆæ,’n”Ô,’n”Ô‹æˆæi•MŠE–¢’è’n\¬’n”Ôj,’n”Ôi•MŠE–¢’è’n\¬’n”Ôj
10303-0700-1.zip,202502041139,¨‘½ŒS•xmŒ©‘º‘åšˆø“c,“¹-561,,
10303-0700-2.zip,202502041139,¨‘½ŒS•xmŒ©‘º‘åšŒ´”V‹½,2073W2,,
10303-0700-2.zip,202502041139,¨‘½ŒS•xmŒ©‘º‘åšŒ´”V‹½,2704-1,,
10303-0700-2.zip,202502041139,¨‘½ŒS•xmŒ©‘º‘åšŒ´”V‹½,2704-2,,
10303-0700-2.zip,202502041139,¨‘½ŒS•xmŒ©‘º‘åšŒ´”V‹½,2705,,
10303-0700-2.zip,202502041139,¨‘½ŒS•xmŒ©‘º‘åšŒ´”V‹½,2706-2,,
10303-0700-2.zip,202502041139,¨‘½ŒS•xmŒ©‘º‘åšŒ´”V‹½,2707,,
10303-0700-2.zip,202502041139,¨‘½ŒS•xmŒ©‘º‘åšŒ´”V‹½,2642,,
10303-0700-2.zip,202502041139,¨‘½ŒS•xmŒ©‘º‘åšŒ´”V‹½,2643,,
10303-0700-2.zip,202502041139,¨‘½ŒS•xmŒ©‘º‘åšŒ´”V‹½,‰³2643,,
10303-0700-2.zip,202502041139,¨‘½ŒS•xmŒ©‘º‘åšŒ´”V‹½,2644,,
10303-0700-2.zip,202502041139,¨‘½ŒS•xmŒ©‘º‘åšŒ´”V‹½,2645,,
10303-0700-2.zip,202502041139,¨‘½ŒS•xmŒ©‘º‘åšŒ´”V‹½,2646,,
10303-0700-2.zip,202502041139,¨‘½ŒS•xmŒ©‘º‘åšŒ´”V‹½,2647,,
10303-0700-2.zip,202502041139,¨‘½ŒS•xmŒ©‘º‘åšŒ´”V‹½,2648,,
10303-0700-2.zip,202502041139,¨‘½ŒS•xmŒ©‘º‘åšŒ´”V‹½,2649-1,,
10303-0700-2.zip,202502041139,¨‘½ŒS•xmŒ©‘º‘åšŒ´”V‹½,2650,,
10303-0700-2.zip,202502041139,¨‘½ŒS•xmŒ©‘º‘åšŒ´”V‹½,2697-1,,
10303-0700-2.zip,202502041139,¨‘½ŒS•xmŒ©‘º‘åšŒ´”V‹½,2697-2,,
10303-0700-2.zip,202502041139,¨‘½ŒS•xmŒ©‘º‘åšŒ´”V‹½,2698-1,,
10303-0700-2.zip,202502041139,¨‘½ŒS•xmŒ©‘º‘åšŒ´”V‹½,2698-2,,
10303-0700-2.zip,202502041139,¨‘½ŒS•xmŒ©‘º‘åšŒ´”V‹½,2699,,
10303-0700-2.zip,202502041139,¨‘½ŒS•xmŒ©‘º‘åšŒ´”V‹½,2700,,
10303-0700-2.zip,202502041139,¨‘½ŒS•xmŒ©‘º‘åšŒ´”V‹½,2701,,
10303-0700-2.zip,202502041139,¨‘½ŒS•xmŒ©‘º‘åšŒ´”V‹½,2702,,
10303-0700-2.zip,202502041139,¨‘½ŒS•xmŒ©‘º‘åšŒ´”V‹½,2703,,
10303-0700-2.zip,202502041139,¨‘½ŒS•xmŒ©‘º‘åšŒ´”V‹½,2706-1,,
10303-0700-2.zip,202502041139,¨‘½ŒS•xmŒ©‘º‘åšŒ´”V‹½,2706-3,,
10303-0700-2.zip,202502041139,¨‘½ŒS•xmŒ©‘º‘åšŒ´”V‹½,2708,,
10303-0700-2.zip,202502041139,¨‘½ŒS•xmŒ©‘º‘åšŒ´”V‹½,2709,,
10303-0700-2.zip,202502041139,¨‘½ŒS•xmŒ©‘º‘åšŒ´”V‹½,2710,,
10303-0700-2.zip,202502041139,¨‘½ŒS•xmŒ©‘º‘åšŒ´”V‹½,2711,,
10303-0700-2.zip,202502041139,¨‘½ŒS•xmŒ©‘º‘åšŒ´”V‹½,2712,,
10303-0700-2.zip,202502041139,¨‘½ŒS•xmŒ©‘º‘åšŒ´”V‹½,2713,,
10303-0700-2.zip,202502041139,¨‘½ŒS•xmŒ©‘º‘åšŒ´”V‹½,2714-1,,
10303-0700-2.zip,202502041139,¨‘½ŒS•xmŒ©‘º‘åšŒ´”V‹½,2714-3,,
10303-0700-2.zip,202502041139,¨‘½ŒS•xmŒ©‘º‘åšŒ´”V‹½,2714-4,,
10303-0700-2.zip,202502041139,¨‘½ŒS•xmŒ©‘º‘åšŒ´”V‹½,2715-1,,
10303-0700-2.zip,202502041139,¨‘½ŒS•xmŒ©‘º‘åšŒ´”V‹½,2715-2,,
10303-0700-2.zip,202502041139,¨‘½ŒS•xmŒ©‘º‘åšŒ´”V‹½,2716,,
10303-0700-3.zip,202502041139,¨‘½ŒS•xmŒ©‘º‘åš“c“‡,267-2,,
10303-0700-3.zip,202502041139,¨‘½ŒS•xmŒ©‘º‘åš“c“‡,657-4,,
10303-0700-3.zip,202502041139,¨‘½ŒS•xmŒ©‘º‘åš“c“‡,657-5,,
10303-0700-3.zip,202502041139,¨‘½ŒS•xmŒ©‘º‘åš“c“‡,657-6,,
10303-0700-3.zip,202502041139,¨‘½ŒS•xmŒ©‘º‘åš“c“‡,657-7,,
10303-0700-3.zip,202502041139,¨‘½ŒS•xmŒ©‘º‘åš“c“‡,657-8,,
10303-0700-3.zip,202502041139,¨‘½ŒS•xmŒ©‘º‘åš“c“‡,658-6,,
10303-0700-3.zip,202502041139,¨‘½ŒS•xmŒ©‘º‘åš“c“‡,285-1,,
10303-0700-4.zip,202502041139,¨‘½ŒS•xmŒ©‘º‘åš¬•é,2197,,
10303-0700-4.zip,202502041139,¨‘½ŒS•xmŒ©‘º‘åš¬•é,2512,,
10303-0700-5.zip,202502041139,¨‘½ŒS•xmŒ©‘º‘åš¬•é,2375,,
10303-0700-5.zip,202502041139,¨‘½ŒS•xmŒ©‘º‘åš¬•é,2376,,
10303-0700-5.zip,202502041139,¨‘½ŒS•xmŒ©‘º‘åš¬•é,2397,,
10303-0700-5.zip,202502041139,¨‘½ŒS•xmŒ©‘º‘åš¬•é,2398,,
10303-0700-5.zip,202502041139,¨‘½ŒS•xmŒ©‘º‘åš¬•é,2399,,
10303-0700-5.zip,202502041139,¨‘½ŒS•xmŒ©‘º‘åš¬•é,2400,,
10303-0700-5.zip,202502041139,¨‘½ŒS•xmŒ©‘º‘åš¬•é,2401,,
10303-0700-5.zip,202502041139,¨‘½ŒS•xmŒ©‘º‘åš¬•é,2402,,
10303-0700-5.zip,202502041139,¨‘½ŒS•xmŒ©‘º‘åš¬•é,2403,,
10303-0700-6.zip,202502041139,¨‘½ŒS•xmŒ©‘º‘åšÔéR,25,,
10303-0700-7.zip,202502041139,¨‘½ŒS•xmŒ©‘º‘åšˆø“c,530,,
10303-0700-8.zip,202502041139,¨‘½ŒS•xmŒ©‘º,’n‹æŠO-807074,,
10303-0700-8.zip,202502041139,¨‘½ŒS•xmŒ©‘º‘åš‘ò,•MŠE–¢’è’n-4007436,¨‘½ŒS•xmŒ©‘º‘åš‘ò,“¹-226
10303-0700-8.zip,202502041139,¨‘½ŒS•xmŒ©‘º‘åš‘ò,•MŠE–¢’è’n-4007450,¨‘½ŒS•xmŒ©‘º‘åš‘ò,…-100-1
10303-0700-8.zip,202502041139,¨‘½ŒS•xmŒ©‘º‘åš‘ò,•MŠE–¢’è’n-4007450,¨‘½ŒS•xmŒ©‘º‘åš‘ò,“¹-100-1
10303-0700-8.zip,202502041139,¨‘½ŒS•xmŒ©‘º‘åš‘ò,•MŠE–¢’è’n-4007451,¨‘½ŒS•xmŒ©‘º‘åš‘ò,“¹-227
10303-0700-8.zip,202502041139,¨‘½ŒS•xmŒ©‘º‘åš‘ò,•MŠE–¢’è’n-4007451,¨‘½ŒS•xmŒ©‘º‘åš‘ò,…-133
10303-0700-8.zip,202502041139,¨‘½ŒS•xmŒ©‘º‘åš‘ò,•MŠE–¢’è’n-4007454,¨‘½ŒS•xmŒ©‘º‘åš‘ò,“¹-219
10303-0700-8.zip,202502041139,¨‘½ŒS•xmŒ©‘º‘åš‘ò,•MŠE–¢’è’n-4007458,¨‘½ŒS•xmŒ©‘º‘åš‘ò,“¹-225
10303-0700-9.zip,202502041139,¨‘½ŒS•xmŒ©‘º,’n‹æŠO-884933,,
10303-0700-9.zip,202502041139,¨‘½ŒS•xmŒ©‘º,400-2,,
10303-0700-9.zip,202502041139,¨‘½ŒS•xmŒ©‘º,400-3,,
10303-0700-9.zip,202502041139,¨‘½ŒS•xmŒ©‘º‘åšÎˆä,•MŠE–¢’è’n-4016968,¨‘½ŒS•xmŒ©‘º‘åšÎˆä,“¹-587
10303-0700-9.zip,202502041139,¨‘½ŒS•xmŒ©‘º‘åšÎˆä,•MŠE–¢’è’n-4016970,¨‘½ŒS•xmŒ©‘º‘åšÎˆä,“¹-603
10303-0700-9.zip,202502041139,¨‘½ŒS•xmŒ©‘º‘åšÎˆä,•MŠE–¢’è’n-4016972,¨‘½ŒS•xmŒ©‘º‘åšÎˆä,…-369
10303-0700-9.zip,202502041139,¨‘½ŒS•xmŒ©‘º‘åšÎˆä,•MŠE–¢’è’n-4017236,¨‘½ŒS•xmŒ©‘º‘åšÎˆä,“¹-604
10303-0700-10.zip,202502041139,¨‘½ŒS•xmŒ©‘º‘åšÎˆä,•MŠE–¢’è’n-4024511,¨‘½ŒS•xmŒ©‘º‘åšÎˆä,“¹-576
10303-0700-10.zip,202502041139,¨‘½ŒS•xmŒ©‘º‘åšÎˆä,•MŠE–¢’è’n-4024519,¨‘½ŒS•xmŒ©‘º‘åšÎˆä,“¹-1810
10303-0700-10.zip,202502041139,¨‘½ŒS•xmŒ©‘º‘åšÎˆä,•MŠE–¢’è’n-4024519,¨‘½ŒS•xmŒ©‘º‘åšÎˆä,…-1950
10303-0700-10.zip,202502041139,¨‘½ŒS•xmŒ©‘º‘åšÎˆä,•MŠE–¢’è’n-4024527,¨‘½ŒS•xmŒ©‘º‘åšÎˆä,“¹-588
10303-0700-10.zip,202502041139,¨‘½ŒS•xmŒ©‘º‘åšÎˆä,•MŠE–¢’è’n-4024527,¨‘½ŒS•xmŒ©‘º‘åšÎˆä,…-356
10303-0700-10.zip,202502041139,¨‘½ŒS•xmŒ©‘º‘åšÎˆä,•MŠE–¢’è’n-4024545,¨‘½ŒS•xmŒ©‘º‘åšÎˆä,“¹-597
10303-0700-10.zip,202502041139,¨‘½ŒS•xmŒ©‘º‘åšÎˆä,•MŠE–¢’è’n-4024955,¨‘½ŒS•xmŒ©‘º‘åšÎˆä,“¹-575
10303-0700-10.zip,202502041139,¨‘½ŒS•xmŒ©‘º‘åšÎˆä,•MŠE–¢’è’n-4024955,¨‘½ŒS•xmŒ©‘º‘åšÎˆä,“¹-580
10303-0700-10.zip,202502041139,¨‘½ŒS•xmŒ©‘º‘åšÎˆä,•MŠE–¢’è’n-4024955,¨‘½ŒS•xmŒ©‘º‘åšÎˆä,2348
10303-0700-11.zip,202502041139,¨‘½ŒS•xmŒ©‘º‘åšÎˆä,•MŠE–¢’è’n-4032048,¨‘½ŒS•xmŒ©‘º‘åšÎˆä,“¹-593
10303-0700-11.zip,202502041139,¨‘½ŒS•xmŒ©‘º‘åšÎˆä,•MŠE–¢’è’n-4032049,¨‘½ŒS•xmŒ©‘º‘åšÎˆä,“¹-598
10303-0700-12.zip,202502041139,¨‘½ŒS•xmŒ©‘º‘åš¬‘ò,94-6,,
10303-0700-13.zip,202502041139,¨‘½ŒS•xmŒ©‘º‘åš¬•é,“¹W518-2,,
10303-0700-13.zip,202502041139,¨‘½ŒS•xmŒ©‘º‘åš¬•é,•MŠE–¢’è’n-4113226,¨‘½ŒS•xmŒ©‘º‘åš¬•é,“¹-147
10303-0700-13.zip,202502041139,¨‘½ŒS•xmŒ©‘º‘åš¬•é,•MŠE–¢’è’n-4113226,¨‘½ŒS•xmŒ©‘º‘åš¬•é,…-89
10303-0700-13.zip,202502041139,¨‘½ŒS•xmŒ©‘º‘åš¬•é,•MŠE–¢’è’n-4113226,¨‘½ŒS•xmŒ©‘º‘åš¬•é,…-86
10303-0700-13.zip,202502041139,¨‘½ŒS•xmŒ©‘º‘åš¬•é,•MŠE–¢’è’n-4113227,¨‘½ŒS•xmŒ©‘º‘åš¬•é,…-88
10303-0700-13.zip,202502041139,¨‘½ŒS•xmŒ©‘º‘åš¬•é,•MŠE–¢’è’n-4113227,¨‘½ŒS•xmŒ©‘º‘åš¬•é,…-82
10303-0700-13.zip,202502041139,¨‘½ŒS•xmŒ©‘º‘åš¬•é,•MŠE–¢’è’n-4113228,¨‘½ŒS•xmŒ©‘º‘åš¬•é,“¹-144
10303-0700-13.zip,202502041139,¨‘½ŒS•xmŒ©‘º‘åš¬•é,•MŠE–¢’è’n-4113230,¨‘½ŒS•xmŒ©‘º‘åš¬•é,“¹-162
10303-0700-13.zip,202502041139,¨‘½ŒS•xmŒ©‘º‘åš¬•é,•MŠE–¢’è’n-4113230,¨‘½ŒS•xmŒ©‘º‘åš¬•é,“¹-158
10303-0700-13.zip,202502041139,¨‘½ŒS•xmŒ©‘º‘åš¬•é,•MŠE–¢’è’n-4113232,¨‘½ŒS•xmŒ©‘º‘åš¬•é,1843W2
10303-0700-13.zip,202502041139,¨‘½ŒS•xmŒ©‘º‘åš¬•é,•MŠE–¢’è’n-4113246,¨‘½ŒS•xmŒ©‘º‘åš¬•é,“¹-159
10303-0700-13.zip,202502041139,¨‘½ŒS•xmŒ©‘º‘åš¬•é,•MŠE–¢’è’n-4113246,¨‘½ŒS•xmŒ©‘º‘åš¬•é,“¹-165
10303-0700-13.zip,202502041139,¨‘½ŒS•xmŒ©‘º‘åš¬•é,•MŠE–¢’è’n-4113246,¨‘½ŒS•xmŒ©‘º‘åš¬•é,“¹-151
10303-0700-13.zip,202502041139,¨‘½ŒS•xmŒ©‘º‘åš¬•é,•MŠE–¢’è’n-4113246,¨‘½ŒS•xmŒ©‘º‘åš¬•é,“¹-146
10303-0700-13.zip,202502041139,¨‘½ŒS•xmŒ©‘º‘åš¬•é,•MŠE–¢’è’n-4113247,¨‘½ŒS•xmŒ©‘º‘åš¬•é,“¹-163
10303-0700-13.zip,202502041139,¨‘½ŒS•xmŒ©‘º‘åš¬•é,•MŠE–¢’è’n-4113247,¨‘½ŒS•xmŒ©‘º‘åš¬•é,“¹-150
10303-0700-13.zip,202502041139,¨‘½ŒS•xmŒ©‘º‘åš¬•é,•MŠE–¢’è’n-4113946,¨‘½ŒS•xmŒ©‘º‘åš¬•é,…-83
10303-0700-13.zip,202502041139,¨‘½ŒS•xmŒ©‘º‘åš¬•é,•MŠE–¢’è’n-4113947,¨‘½ŒS•xmŒ©‘º‘åš¬•é,“¹-141
10303-0700-13.zip,202502041139,¨‘½ŒS•xmŒ©‘º‘åš¬•é,•MŠE–¢’è’n-4113947,¨‘½ŒS•xmŒ©‘º‘åš¬•é,“¹-148
10303-0700-13.zip,202502041139,¨‘½ŒS•xmŒ©‘º‘åš¬•é,•MŠE–¢’è’n-4113970,¨‘½ŒS•xmŒ©‘º‘åš¬•é,“¹-157
10303-0700-13.zip,202502041139,¨‘½ŒS•xmŒ©‘º‘åš¬•é,•MŠE–¢’è’n-4113970,¨‘½ŒS•xmŒ©‘º‘åš¬•é,“¹-154
10303-0700-13.zip,202502041139,¨‘½ŒS•xmŒ©‘º‘åš¬•é,•MŠE–¢’è’n-4113970,¨‘½ŒS•xmŒ©‘º‘åš¬•é,…-93
10303-0700-13.zip,202502041139,¨‘½ŒS•xmŒ©‘º‘åš¬•é,•MŠE–¢’è’n-4113970,¨‘½ŒS•xmŒ©‘º‘åš¬•é,…-85
10303-0700-13.zip,202502041139,¨‘½ŒS•xmŒ©‘º‘åš¬•é,•MŠE–¢’è’n-5073884,¨‘½ŒS•xmŒ©‘º‘åš¬•é,“¹-156
10303-0700-14.zip,202502041139,¨‘½ŒS•xmŒ©‘º‘åšÔéR,•MŠE–¢’è’n-4126450,¨‘½ŒS•xmŒ©‘º‘åšÔéR,…-395
10303-0700-14.zip,202502041139,¨‘½ŒS•xmŒ©‘º‘åšÔéR,•MŠE–¢’è’n-4126451,¨‘½ŒS•xmŒ©‘º‘åšÔéR,…-398
10303-0700-15.zip,202502041139,¨‘½ŒS•xmŒ©‘º,’n‹æŠO-1156875,,
10303-0700-15.zip,202502041139,¨‘½ŒS•xmŒ©‘º,’n‹æŠO-1156876,,
10303-0700-16.zip,202502041139,¨‘½ŒS•xmŒ©‘º‘åš‘ò,•MŠE–¢’è’n-4299515,¨‘½ŒS•xmŒ©‘º‘åš‘ò,’·‹·•¨•s–¾-26
10303-0700-16.zip,202502041139,¨‘½ŒS•xmŒ©‘º‘åš‘ò,•MŠE–¢’è’n-4299534,¨‘½ŒS•xmŒ©‘º‘åš‘ò,“¹-241
10303-0700-16.zip,202502041139,¨‘½ŒS•xmŒ©‘º‘åš‘ò,•MŠE–¢’è’n-4299535,¨‘½ŒS•xmŒ©‘º‘åš‘ò,“¹-235
10303-0700-16.zip,202502041139,¨‘½ŒS•xmŒ©‘º‘åš‘ò,•MŠE–¢’è’n-4299537,¨‘½ŒS•xmŒ©‘º‘åš‘ò,“¹-232
10303-0700-17.zip,202502041139,¨‘½ŒS•xmŒ©‘º‘åšŠF‘ò,•MŠE–¢’è’n-4352322,¨‘½ŒS•xmŒ©‘º‘åšŠF‘ò,…-273
10303-0700-17.zip,202502041139,¨‘½ŒS•xmŒ©‘º‘åšŠF‘ò,•MŠE–¢’è’n-4352335,¨‘½ŒS•xmŒ©‘º‘åšŠF‘ò,…-275
10303-0700-17.zip,202502041139,¨‘½ŒS•xmŒ©‘º‘åšŠF‘ò,•MŠE–¢’è’n-4352336,¨‘½ŒS•xmŒ©‘º‘åšŠF‘ò,“¹-505
10303-0700-17.zip,202502041139,¨‘½ŒS•xmŒ©‘º‘åšŠF‘ò,•MŠE–¢’è’n-4352336,¨‘½ŒS•xmŒ©‘º‘åšŠF‘ò,“¹-508
10303-0700-17.zip,202502041139,¨‘½ŒS•xmŒ©‘º‘åšŠF‘ò,•MŠE–¢’è’n-4352340,¨‘½ŒS•xmŒ©‘º‘åšŠF‘ò,“¹-510
10303-0700-17.zip,202502041139,¨‘½ŒS•xmŒ©‘º‘åšŠF‘ò,•MŠE–¢’è’n-4352340,¨‘½ŒS•xmŒ©‘º‘åšŠF‘ò,“¹-507
10303-0700-17.zip,202502041139,¨‘½ŒS•xmŒ©‘º‘åš¬•é,•MŠE–¢’è’n-4353064,¨‘½ŒS•xmŒ©‘º‘åš¬•é,“¹-152
10303-0700-17.zip,202502041139,¨‘½ŒS•xmŒ©‘º‘åš¬•é,•MŠE–¢’è’n-4353064,¨‘½ŒS•xmŒ©‘º‘åš¬•é,“¹-138
10303-0700-17.zip,202502041139,¨‘½ŒS•xmŒ©‘º‘åš¬•é,•MŠE–¢’è’n-4353064,¨‘½ŒS•xmŒ©‘º‘åš¬•é,“¹-142
10303-0700-17.zip,202502041139,¨‘½ŒS•xmŒ©‘º‘åš¬•é,•MŠE–¢’è’n-4353064,¨‘½ŒS•xmŒ©‘º‘åš¬•é,“¹-161
10303-0700-18.zip,202502041139,¨‘½ŒS•xmŒ©‘º‘åšÔéR,•MŠE–¢’è’n-4358648,¨‘½ŒS•xmŒ©‘º‘åšÔéR,“¹-682
10303-0700-18.zip,202502041139,¨‘½ŒS•xmŒ©‘º‘åšÔéR,•MŠE–¢’è’n-4359043,¨‘½ŒS•xmŒ©‘º‘åšÔéR,…
10303-0700-18.zip,202502041139,¨‘½ŒS•xmŒ©‘º‘åšÔéR,•MŠE–¢’è’n-4359044,¨‘½ŒS•xmŒ©‘º‘åšÔéR,…-120
10303-0700-18.zip,202502041139,¨‘½ŒS•xmŒ©‘º‘åšÔéR,•MŠE–¢’è’n-4359045,¨‘½ŒS•xmŒ©‘º‘åšÔéR,“¹-683
10303-0700-18.zip,202502041139,¨‘½ŒS•xmŒ©‘º‘åšÔéR,•MŠE–¢’è’n-4359045,¨‘½ŒS•xmŒ©‘º‘åšÔéR,…-399
10303-0700-18.zip,202502041139,¨‘½ŒS•xmŒ©‘º‘åšÔéR,•MŠE–¢’è’n-5099495,¨‘½ŒS•xmŒ©‘º‘åšÔéR,“¹
10303-0700-18.zip,202502041139,¨‘½ŒS•xmŒ©‘º‘åšÔéR,•MŠE–¢’è’n-5099495,¨‘½ŒS•xmŒ©‘º‘åšÔéR,…
